bbox,Namen,Confidence Level,Bildname
"[[1690, 420], [2139, 420], [2139, 580], [1690, 580]]",Zoww,0.07535916566848755,10998511
"[[2099, 438], [2392, 405], [2397, 543], [2105, 576]]",fen,0.17169322899714978,10998511
