bbox,Namen,Confidence Level,Bildname
"[[192, 167], [305, 167], [305, 349], [192, 349]]",00,0.44283842334366524,10998507
"[[1028, 923], [1192, 923], [1192, 989], [1028, 989]]",Zeitungen,0.9917215200037622,10998507
