bbox,Namen,Confidence Level,Bildname
"[[1438, 2213], [1544, 2213], [1544, 2265], [1438, 2265]]",Wn,0.0946237664298084,10998510
"[[1684, 118], [1927, 224], [1849, 394], [1605, 288]]",59d,0.6284985347834131,10998510
"[[1537, 2207], [1621, 2198], [1623, 2238], [1539, 2247]]",DRSCO,0.0564174416135976,10998510
"[[1367, 2238], [1444, 2230], [1446, 2270], [1370, 2278]]",Gid,0.1380942396702713,10998510
