bbox,Namen,Confidence Level,Bildname
"[[1792, 0], [2081, 0], [2081, 171], [1792, 171]]",59c,0.9989687209227764,10998512
"[[1790, 158], [2096, 158], [2096, 239], [1790, 239]]",Uhlandstraße,0.9999568457201878,10998512
"[[1786, 2716], [2180, 2665], [2192, 2902], [1798, 2952]]",596,0.7111207564364974,10998512
