bbox,Namen,Confidence Level,Bildname
"[[799, 1980], [854, 1980], [854, 2032], [799, 2032]]",9.,0.6969491532216394,10998509
"[[799, 1980], [854, 1980], [854, 2032], [799, 2032]]",9.,0.6969491532216394,10998509
"[[835, 1975], [992, 1934], [1004, 1985], [847, 2027]]",Seißler,0.8349525132426218,10998509
"[[799, 1980], [854, 1980], [854, 2032], [799, 2032]]",9.,0.6969491532216394,10998509
"[[835, 1975], [992, 1934], [1004, 1985], [847, 2027]]",Seißler,0.8349525132426218,10998509
"[[799, 1980], [854, 1980], [854, 2032], [799, 2032]]",9.,0.6969491532216394,10998509
"[[835, 1975], [992, 1934], [1004, 1985], [847, 2027]]",Seißler,0.8349525132426218,10998509
"[[799, 1980], [854, 1980], [854, 2032], [799, 2032]]",9.,0.6969491532216394,10998509
